"program";"study_name";"entry_code";"gid";"designation";"seed_source_name";"family_designation";"family_gid";"pedigree_name"
"IRRIGATED SEA";"2014DSBULK";"141U1";4189554;"IR 106224-B";"A13WSC-1";"IR 106224";4010552;"IRRI 156/IR09F436"
"IRRIGATED SEA";"2014DSBULK";"141U2";4189555;"IR 106226-B";"A13WSC-3";"IR 106226";4010554;"HHZ 17-Y16-Y3-SAL1/IR09A136"
"IRRIGATED SEA";"2014DSBULK";"141U3";4189556;"IR 106227-B";"A13WSC-4";"IR 106227";4010555;"HHZ 17-Y16-Y3-SAL1/IR09N522"
"IRRIGATED SEA";"2014DSBULK";"141U4";4189557;"IR 106228-B";"A13WSC-5";"IR 106228";4010556;"HHZ 17-Y16-Y3-SAL1/IRRI 154"
"IRRIGATED SEA";"2014DSBULK";"141U5";4189558;"IR 106229-B";"A13WSC-6";"IR 106229";4010557;"HHZ 5-DT20-DT2-DT1/IR09A136"
"IRRIGATED SEA";"2014DSBULK";"141U6";4189559;"IR 106232-B";"A13WSC-9";"IR 106232";4010560;"PR 35769-B-1-1-2-3-4/IR10F365"
"IRRIGATED SEA";"2014DSBULK";"141U7";4189560;"IR 106233-B";"A13WSC-10";"IR 106233";4010561;"PR 37246-2-3-2-1-1-2-1/IR07A179"
"IRRIGATED SEA";"2014DSBULK";"141U8";4189561;"IR 106234-B";"A13WSC-11";"IR 106234";4010562;"PR 37246-2-3-2-1-1-2-1/IR09A136"
"IRRIGATED SEA";"2014DSBULK";"141U9";4189562;"IR 106235-B";"A13WSC-12";"IR 106235";4010563;"PR 37246-2-3-2-1-1-2-1/IR09N522"
"IRRIGATED SEA";"2014DSBULK";"141U10";4189563;"IR 106236-B";"A13WSC-13";"IR 106236";4010564;"PR 37246-2-3-2-1-1-2-1/IR10F365"
"IRRIGATED SEA";"2014DSBULK";"141U11";4189564;"IR 106237-B";"A13WSC-14";"IR 106237";4010565;"PR 37704-2B-6-1-2-1-1/IR10F365"
"IRRIGATED SEA";"2014DSBULK";"141U12";4189565;"IR 106241-B";"A13WSC-18";"IR 106241";4010569;"IRRI 119/IR09A136"
"IRRIGATED SEA";"2014DSBULK";"141U13";4189566;"IR 106432-B";"A13WMC-209";"IR 106432";4010800;"GSR IR 1-8-S6-S3-Y2/PR 39421-52-28-2-1//IR09A228"
"IRRIGATED SEA";"2014DSBULK";"141U14";4189567;"IR 106433-B";"A13WMC-210";"IR 106433";4010801;"GSR IR 1-8-S6-S3-Y2/IR10C168// 12DS-GMET-22"
"IRRIGATED SEA";"2014DSBULK";"141U15";4189568;"IR 106434-B";"A13WMC-211";"IR 106434";4010802;"IR 50/PSB RC 10 (IR 50404-57-2-2-3)//PR 30245-10-414"
"IRRIGATED SEA";"2014DSBULK";"141U16";4189569;"IR 106435-B";"A13WMC-212";"IR 106435";4010803;"OM 4498/GIZA 178//IR09A228"
"IRRIGATED SEA";"2014DSBULK";"141U17";4189570;"IR 106436-B";"A13WMC-213";"IR 106436";4010804;"OM 4498/GIZA 178//IR04A115"
"IRRIGATED SEA";"2014DSBULK";"141U18";4189571;"IR 106437-B";"A13WMC-214";"IR 106437";4010805;"OM 4498/GIZA 178//IR09N522"
"IRRIGATED SEA";"2014DSBULK";"141U19";4189572;"IR 106438-B";"A13WMC-215";"IR 106438";4010806;"OM 4498/GIZA 178//PR 35769-B-1-1-2-3-4"
"IRRIGATED SEA";"2014DSBULK";"141U20";4189573;"IR 106439-B";"A13WMC-216";"IR 106439";4010807;"OM 4498/N 22//IR04A115"
"IRRIGATED SEA";"2014DSBULK";"141U21";4189574;"IR 106440-B";"A13WMC-217";"IR 106440";4010808;"OM 4498/N 22//IR09N522"
"IRRIGATED SEA";"2014DSBULK";"141U22";4189575;"IR 106441-B";"A13WMC-218";"IR 106441";4010809;"OM 4498/N 22//PR 35769-B-1-1-2-3-4"
"IRRIGATED SEA";"2014DSBULK";"141U23";4189576;"IR 106442-B";"A13WMC-219";"IR 106442";4010810;"IR09A228/PR 37866-1B-1-4//IR09A136"
"IRRIGATED SEA";"2014DSBULK";"141U24";4189577;"IR 106443-B";"A13WMC-220";"IR 106443";4010811;"IR09A228/IR08N136//IR10F336"
"IRRIGATED SEA";"2014DSBULK";"141U25";4189578;"IR 106444-B";"A13WMC-221";"IR 106444";4010812;"IR09A228/PR 37951-3B-37-1-2//IR09N522"
"IRRIGATED SEA";"2014DSBULK";"141U26";4189579;"IR 106445-B";"A13WMC-222";"IR 106445";4010813;"IR10N304/GSR IR 1-5-D20-D2-D1//HHZ 8-SAL 6-SAL 3-Y2"
"IRRIGATED SEA";"2014DSBULK";"141U27";4189580;"IR 106446-B";"A13WMC-223";"IR 106446";4010814;"IR04A115/PR 30245-10-414//IR09F436"
"IRRIGATED SEA";"2014DSBULK";"141U28";4189581;"IR 106447-B";"A13WMC-224";"IR 106447";4010815;"IR05N412/PR 37921-B-3-2-2//IR05N412"
"IRRIGATED SEA";"2014DSBULK";"141U29";4189582;"IR 106448-B";"A13WMC-225";"IR 106448";4010816;"IR 28/NSIC RC 158//IR09F436"
"IRRIGATED SEA";"2014DSBULK";"141U30";4189583;"IR 106449-B";"A13WMC-226";"IR 106449";4010817;"IRRI 123/FEDEARROZ 2000//PR 37866-1B-1-4"
"IRRIGATED SEA";"2014DSBULK";"141U31";4189584;"IR 106450-B";"A13WMC-227";"IR 106450";4010818;"IRRI 149/FEDEARROZ 473//IR10F336"
"IRRIGATED SEA";"2014DSBULK";"141U32";4189585;"IR 106451-B";"A13WMC-228";"IR 106451";4010819;"PR 36921-B-6-1-3-4/IRRI 154//PR 37942-3B-5-3-2"
"IRRIGATED SEA";"2014DSBULK";"141U33";4189586;"IR 106452-B";"A13WMC-229";"IR 106452";4010820;"PR 36921-B-6-1-3-4/IRRI 154//IR09A228"
"IRRIGATED SEA";"2014DSBULK";"141U34";4189587;"IR 106453-B";"A13WMC-230";"IR 106453";4010821;" 12DS-GMET-9/IR06N209//IR09A228"
"IRRIGATED SEA";"2014DSBULK";"141U35";4189588;"IR 106454-B";"A13WMC-231";"IR 106454";4010822;"PR 37921-B-3-4-2-1-2/IRRI 145//IR09A228"
"IRRIGATED SEA";"2014DSBULK";"141U36";4189589;"IR 106455-B";"A13WMC-232";"IR 106455";4010823;" 12DS-GMET-9/IR 72102-4-159-1-3-3-3 (NSIC RC 112)//PR 35769-B-1-1-2-3-4"
"IRRIGATED SEA";"2014DSBULK";"141U37";4189590;"IR 106456-B";"A13WMC-233";"IR 106456";4010824;"PR 37921-B-3-4-2-1-2/IRRI 158//PR 30245-10-414"
"IRRIGATED SEA";"2014DSBULK";"141U38";4189591;"IR 106457-B";"A13WMC-234";"IR 106457";4010825;"PR 37951-3B-37-1-2/IR09N496//IR09F436"
"IRRIGATED SEA";"2014DSBULK";"141U39";4189592;"IR 106458-B";"A13WMC-235";"IR 106458";4010826;" 12DS-GMET-9/IRRI 145//PR 37942-3B-5-3-2"
"IRRIGATED SEA";"2014DSBULK";"141U40";4189593;"IR 106459-B";"A13WMC-236";"IR 106459";4010827;"ZH 1/IR08N210//IR09A228"
"IRRIGATED SEA";"2014DSBULK";"141U41";4189594;"IR 106460-B";"A13WMC-237";"IR 106460";4010828;"GSR IR 1-1-Y4-Y1/IR10F339//IR06N119"
"IRRIGATED SEA";"2014DSBULK";"141U42";4189595;"IR 106461-B";"A13WMC-238";"IR 106461";4010829;"IR06A144/IR10F365//IR06N119"
"IRRIGATED SEA";"2014DSBULK";"141U43";4189596;"IR 100053-B";"A12WSC-74";"IR 100053";3731548;"IR08A172/IRRI 123"
"IRRIGATED SEA";"2014DSBULK";"141U44";4189597;"IR 100055-B";"A12WSC-76";"IR 100055";3731550;"IR08A172/IR07N112"
"IRRIGATED SEA";"2014DSBULK";"141U45";4189598;"IR 100056-B";"A12WSC-77";"IR 100056";3731551;"IR08A172/IR09N200"
"IRRIGATED SEA";"2014DSBULK";"141U46";4189599;"IR 100057-B";"A12WSC-78";"IR 100057";3731552;"IR08A172/IR09M105"
"IRRIGATED SEA";"2014DSBULK";"141U47";4189600;"IR 100058-B";"A12WSC-79";"IR 100058";3731553;"IR08A172/IR10M245"
"IRRIGATED SEA";"2014DSBULK";"141U48";4189601;"IR 100059-B";"A12WSC-80";"IR 100059";3731554;"IR08A172/IR10M108"
"IRRIGATED SEA";"2014DSBULK";"141U49";4189602;"IR 100078-B";"A12WSC-99";"IR 100078";3731573;"IR09A136/IR07N112"
"IRRIGATED SEA";"2014DSBULK";"141U50";4189603;"IR 100079-B";"A12WSC-100";"IR 100079";3731574;"IR09A136/IR09N200"
"IRRIGATED SEA";"2014DSBULK";"141U51";4189604;"IR 100080-B";"A12WSC-101";"IR 100080";3731575;"IR09A136/IR09M105"
"IRRIGATED SEA";"2014DSBULK";"141U52";4189605;"IR 100081-B";"A12WSC-102";"IR 100081";3731576;"IR09A136/IR10M245"
"IRRIGATED SEA";"2014DSBULK";"141U53";4189606;"IR 103735-B";"A13DMC-489";"IR 103735";3891587;"IR09N542/IRRI 154//IR12T217"
"IRRIGATED SEA";"2014DSBULK";"141U54";4189607;"IR 103736-B";"A13DMC-490";"IR 103736";3891588;"IR09N542/IR07N112//PR 35786-B-3-3-2-1-1"
"IRRIGATED SEA";"2014DSBULK";"141U55";4189608;"IR 100089-B";"A12WSC-110";"IR 100089";3731584;"IR09N542/MILYANG 23"
"IRRIGATED SEA";"2014DSBULK";"141U56";4189609;"IR 100090-B";"A12WSC-111";"IR 100090";3731585;"IR09N542/IR07N112"
"IRRIGATED SEA";"2014DSBULK";"141U57";4189610;"IR 100091-B";"A12WSC-112";"IR 100091";3731586;"IR09N542/IR09N200"
"IRRIGATED SEA";"2014DSBULK";"141U58";4189611;"IR 100092-B";"A12WSC-113";"IR 100092";3731587;"IR09N542/IR09M105"
"IRRIGATED SEA";"2014DSBULK";"141U59";4189612;"IR 100093-B";"A12WSC-114";"IR 100093";3731588;"IR09N542/IR10M245"
"IRRIGATED SEA";"2014DSBULK";"141U60";4189613;"IR 103737-B";"A13DMC-491";"IR 103737";3891589;"IR09N542/IR09N200//PR 37951-3B-37-1-2"
"IRRIGATED SEA";"2014DSBULK";"141U61";4189614;"IR 100095-B";"A12WSC-116";"IR 100095";3731590;"IR09N542/IR10M108"
"IRRIGATED SEA";"2014DSBULK";"141U62";4189615;"IR 100704-B";"A12WMC-725";"IR 100704";3732199;"IR07A234/IRRI 123//IR06A150"
"IRRIGATED SEA";"2014DSBULK";"141U63";4189616;"IR 100705-B";"A12WMC-726";"IR 100705";3732200;"IR07A266/IR 42//IR06A150"
"IRRIGATED SEA";"2014DSBULK";"141U64";4189617;"IR 100707-B";"A12WMC-728";"IR 100707";3732202;"IR08A176/IRRI 154//IR09A136"
"IRRIGATED SEA";"2014DSBULK";"141U65";4189618;"IR 100708-B";"A12WMC-729";"IR 100708";3732203;"IR03N137/IR 42//IRRI 151"
"IRRIGATED SEA";"2014DSBULK";"141U66";4189619;"IR 100710-B";"A12WMC-731";"IR 100710";3732205;"IR08A176/IRRI 123//IR09A136"
"IRRIGATED SEA";"2014DSBULK";"141U67";4189620;"IR 100711-B";"A12WMC-732";"IR 100711";3732206;"IR08A192/IRRI 123//IR09N542"
"IRRIGATED SEA";"2014DSBULK";"141U68";4189621;"IR 100713-B";"A12WMC-734";"IR 100713";3732208;"IR08N128/IRRI 154//IR06A150"
"IRRIGATED SEA";"2014DSBULK";"141U69";4189622;"IR 100729-B";"A12WMC-750";"IR 100729";3732224;"IR09A133/IRRI 123//IR04A115"
"IRRIGATED SEA";"2014DSBULK";"141U70";4189623;"IR 100731-B";"A12WMC-752";"IR 100731";3732226;"IR09N106/IR05N412//IR08A176"
"IRRIGATED SEA";"2014DSBULK";"141U71";4189624;"IR 100739-B";"A12WMC-760";"IR 100739";3732234;"IR09N496/IRRI 154//IR08A172"
"IRRIGATED SEA";"2014DSBULK";"141U72";4189625;"IR 100741-B";"A12WMC-762";"IR 100741";3732236;"IR09N496/IRRI 123//IR04A115"
"IRRIGATED SEA";"2014DSBULK";"141U73";4189626;"IR 100742-B";"A12WMC-763";"IR 100742";3732237;"IR09N508/NSIC RC 158//IR09N542"
"IRRIGATED SEA";"2014DSBULK";"141U74";4189627;"IR 100746-B";"A12WMC-767";"IR 100746";3732241;"IR09N520/IRRI 154//IR05N412"
"IRRIGATED SEA";"2014DSBULK";"141U75";4189628;"IR 100748-B";"A12WMC-769";"IR 100748";3732243;"IR09N523/IRRI 123//IR05N412"
"IRRIGATED SEA";"2014DSBULK";"141U76";4189629;"IR 103298-B";"A13DSC-45";"IR 103298";3890282;"PR 30245-10-414/IR08N210"
"IRRIGATED SEA";"2014DSBULK";"141U77";4189630;"IR 103300-B";"A13DSC-47";"IR 103300";3890284;"PR 35786-B-3-3-2-1-1/IR08N210"
"IRRIGATED SEA";"2014DSBULK";"141U78";4189631;"IR 103309-B";"A13DSC-56";"IR 103309";3890293;"PR 37139-3-1-3-1-2-1/IR04A115"
"IRRIGATED SEA";"2014DSBULK";"141U79";4189632;"IR 103310-B";"A13DSC-57";"IR 103310";3890294;"PR 37139-3-1-3-1-2-1/IR05N412"
"IRRIGATED SEA";"2014DSBULK";"141U80";4189633;"IR 103313-B";"A13DSC-60";"IR 103313";3890297;"PR 35769-B-37-3-1-2-1/IR05N412"
"IRRIGATED SEA";"2014DSBULK";"141U81";4189634;"IR 103319-B";"A13DSC-66";"IR 103319";3890303;"PR 37275-7-30-8-1-1-2-2-2/IR05N412"
"IRRIGATED SEA";"2014DSBULK";"141U82";4189635;"IR 103324-B";"A13DSC-71";"IR 103324";3890308;"PR 37866-1B-1-4/IR08N210"
"IRRIGATED SEA";"2014DSBULK";"141U83";4189636;"IR 103334-B";"A13DSC-81";"IR 103334";3890318;"PR 37942-3B-5-3-2/IR04A115"
"IRRIGATED SEA";"2014DSBULK";"141U84";4189637;"IR 103336-B";"A13DSC-83";"IR 103336";3890320;"PR 37942-3B-5-3-2/IR05N412"
"IRRIGATED SEA";"2014DSBULK";"141U85";4189638;"IR 103704-B";"A13DMC-458";"IR 103704";3891556;"IR06A150/IR09M105//PR 37951-3B-37-1-2"
"IRRIGATED SEA";"2014DSBULK";"141U86";4189639;"IR 103705-B";"A13DMC-459";"IR 103705";3891557;"IR06A150/IR10M245//PR 30245-10-414"
"IRRIGATED SEA";"2014DSBULK";"141U87";4189640;"IR 103706-B";"A13DMC-460";"IR 103706";3891558;"IR06A150/IR10M108//PR 37921-B-3-2-2"
"IRRIGATED SEA";"2014DSBULK";"141U88";4189641;"IR 103715-B";"A13DMC-469";"IR 103715";3891567;"IR06N234/MILYANG 23//IR04A115"
"IRRIGATED SEA";"2014DSBULK";"141U89";4189642;"IR 103719-B";"A13DMC-473";"IR 103719";3891571;"IR08A172/NSIC RC 158//PR 37951-3B-37-1-2"
"IRRIGATED SEA";"2014DSBULK";"141U90";4189643;"IR 103720-B";"A13DMC-474";"IR 103720";3891572;"IR08A172/IRRI 154//PR 37275-7-14-5-1-2-2-1-2"
"IRRIGATED SEA";"2014DSBULK";"141U91";4189644;"IR 103721-B";"A13DMC-475";"IR 103721";3891573;"IR08A172/IRRI 123//PR 37866-1B-1-4"
"IRRIGATED SEA";"2014DSBULK";"141U92";4189645;"IR 103722-B";"A13DMC-476";"IR 103722";3891574;"IR08A172/IR09M105//IR09N500"
"IRRIGATED SEA";"2014DSBULK";"141U93";4189646;"IR 103725-B";"A13DMC-479";"IR 103725";3891577;"IR09A136/NSIC RC 158//PR 37866-1B-1-4"
"IRRIGATED SEA";"2014DSBULK";"141U94";4189647;"IR 103726-B";"A13DMC-480";"IR 103726";3891578;"IR09A136/IRRI 154//IR09N522"
"IRRIGATED SEA";"2014DSBULK";"141U95";4189648;"IR 103727-B";"A13DMC-481";"IR 103727";3891579;"IR09A136/PSB RC 10 (IR 50404-57-2-2-3)//IR10F388"
"IRRIGATED SEA";"2014DSBULK";"141U96";4189649;"IR 103728-B";"A13DMC-482";"IR 103728";3891580;"IR09A136/IRRI 123//PR 37275-7-14-5-1-2-2-1-2"
"IRRIGATED SEA";"2014DSBULK";"141U97";4189650;"IR 103729-B";"A13DMC-483";"IR 103729";3891581;"IR09A136/IR07N112//IR10N108"
"IRRIGATED SEA";"2014DSBULK";"141U98";4189651;"IR 103730-B";"A13DMC-484";"IR 103730";3891582;"IR09A136/IR09M105//IR08N136"
"IRRIGATED SEA";"2014DSBULK";"141U99";4189652;"IR 103731-B";"A13DMC-485";"IR 103731";3891583;"IR09A136/IR10M245//IR10N108"
"IRRIGATED SEA";"2014DSBULK";"141U100";4189653;"IR 103733-B";"A13DMC-487";"IR 103733";3891585;"IR09A136/IR10M108//PSB RC 10 (IR 50404-57-2-2-3)"
"IRRIGATED SEA";"2013WSBULK";"A140580";4039548;"IR 103254";"A13DSC-1";"IR 103254";3890449;"12DS-GMET-22/IR08N136"
"IRRIGATED SEA";"2013WSBULK";"A140581";4039549;"IR 103255";"A13DSC-2";"IR 103255";3890450;"12DS-GMET-22/IR 59682-132-1-1-2 (PSB RC 52)"
"IRRIGATED SEA";"2013WSBULK";"A140582";4039550;"IR 103256";"A13DSC-3";"IR 103256";3890451;"12DS-GMET-22/IRRI 156"
"IRRIGATED SEA";"2013WSBULK";"A140583";4039551;"IR 103257";"A13DSC-4";"IR 103257";3890452;"12DS-GMET-3/IRRI 151"
"IRRIGATED SEA";"2013WSBULK";"A140584";4039552;"IR 103258";"A13DSC-5";"IR 103258";3890453;"12DS-GMET-3/IR05N419"
"IRRIGATED SEA";"2013WSBULK";"A140585";4039553;"IR 103259";"A13DSC-6";"IR 103259";3890454;"12DS-GMET-9/IR06N209"
"IRRIGATED SEA";"2013WSBULK";"A140586";4039554;"IR 103260";"A13DSC-7";"IR 103260";3890455;"12DS-GMET-9/IR 71606-1-1-4-2-3-1-2 (NSIC 110"
"IRRIGATED SEA";"2013WSBULK";"A140587";4039555;"IR 103261";"A13DSC-8";"IR 103261";3890456;"12DS-GMET-9/IR 72102-4-159-1-3-3-3 (NSIC RC 112)"
"IRRIGATED SEA";"2013WSBULK";"A140588";4039556;"IR 103262";"A13DSC-9";"IR 103262";3890457;"12DS-GMET-9/IRRI 145"
"IRRIGATED SEA";"2013WSBULK";"A140589";4039557;"IR 103263";"A13DSC-10";"IR 103263";3890458;"HHZ 8-SAL 6-SAL 3-Y2/PR 39421-52-28-2-1"
"IRRIGATED SEA";"2013WSBULK";"A140590";4039558;"IR 103264";"A13DSC-11";"IR 103264";3890459;"HHZ 8-SAL 6-SAL 3-Y2/IR10C168"
"IRRIGATED SEA";"2013WSBULK";"A140591";4039559;"IR 103265";"A13DSC-12";"IR 103265";3890460;"HHZ 8-SAL 6-SAL 3-Y2/PR 37171-1-1-1-2-1-1-1"
"IRRIGATED SEA";"2013WSBULK";"A140592";4039560;"IR 103266";"A13DSC-13";"IR 103266";3890461;"IR06M150/PR 35786-B-3-3-2-1-1"
"IRRIGATED SEA";"2013WSBULK";"A140593";4039561;"IR 103267";"A13DSC-14";"IR 103267";3890462;"IR06M150/PR 37951-3B-37-1-2"
"IRRIGATED SEA";"2013WSBULK";"A140594";4039562;"IR 103268";"A13DSC-15";"IR 103268";3890463;"IR06N119/PR 37171-1-1-1-2-1-1-1"
"IRRIGATED SEA";"2013WSBULK";"A140595";4039563;"IR 103269";"A13DSC-16";"IR 103269";3890464;"IR06N119/PR 37942-3B-5-1-1"
"IRRIGATED SEA";"2013WSBULK";"A140596";4039564;"IR 103270";"A13DSC-17";"IR 103270";3890465;"IR07A179/PR 39421-52-28-2-1"
"IRRIGATED SEA";"2013WSBULK";"A140597";4039565;"IR 103271";"A13DSC-18";"IR 103271";3890466;"IR07A179/PR 37942-3B-5-1-1"
"IRRIGATED SEA";"2013WSBULK";"A140598";4039566;"IR 103272";"A13DSC-19";"IR 103272";3890467;"IR09A228/PR 37866-1B-1-4"
"IRRIGATED SEA";"2013WSBULK";"A140599";4039567;"IR 103273";"A13DSC-20";"IR 103273";3890468;"IR09A228/IR04A115"
"IRRIGATED SEA";"2013WSBULK";"A140600";4039568;"IR 103274";"A13DSC-21";"IR 103274";3890469;"IR09A228/IR08N136"
"IRRIGATED SEA";"2013WSBULK";"A140601";4039569;"IR 103275";"A13DSC-22";"IR 103275";3890259;"IR09A228/IR08N136"
"IRRIGATED SEA";"2013WSBULK";"A140602";4039570;"IR 103276";"A13DSC-23";"IR 103276";3890260;"IR09A228/PR 37951-3B-37-1-2"
"IRRIGATED SEA";"2013WSBULK";"A140603";4039571;"IR 103277";"A13DSC-24";"IR 103277";3890261;"IR10A134/PR 37171-1-1-1-2-1-1-1"
"IRRIGATED SEA";"2013WSBULK";"A140604";4039572;"IR 103278";"A13DSC-25";"IR 103278";3890262;"IR10A134/PR 37942-3B-5-1-1"
"IRRIGATED SEA";"2013WSBULK";"A140605";4039573;"IR 103279";"A13DSC-26";"IR 103279";3890263;"IR10N304/PR 39427-113-41-2-1"
"IRRIGATED SEA";"2013WSBULK";"A140606";4039574;"IR 103297";"A13DSC-44";"IR 103297";3890281;"OM 4498/GIZA 178"
"IRRIGATED SEA";"2013WSBULK";"A140607";4039575;"IR 103281";"A13DSC-28";"IR 103281";3890265;"IR04A115/PR 30245-10-414"
"IRRIGATED SEA";"2013WSBULK";"A140608";4039576;"IR 103282";"A13DSC-29";"IR 103282";3890266;"IR04A115/PR 37275-7-14-5-1-2-2-1-2"
"IRRIGATED SEA";"2013WSBULK";"A140609";4039577;"IR 103283";"A13DSC-30";"IR 103283";3890267;"IR04A115/PR 37866-1B-1-4"
"IRRIGATED SEA";"2013WSBULK";"A140610";4039578;"IR 103284";"A13DSC-31";"IR 103284";3890268;"IR04A115/PR 37921-B-3-2-2"
"IRRIGATED SEA";"2013WSBULK";"A140611";4039579;"IR 103285";"A13DSC-32";"IR 103285";3890269;"IR04A115/PR 37951-3B-37-1-2"
"IRRIGATED SEA";"2013WSBULK";"A140612";4039580;"IR 103286";"A13DSC-33";"IR 103286";3890270;"IR05N412/PR 37866-1B-1-4"
"IRRIGATED SEA";"2013WSBULK";"A140613";4039581;"IR 103287";"A13DSC-34";"IR 103287";3890271;"IR05N412/PR 30245-10-414"
"IRRIGATED SEA";"2013WSBULK";"A140614";4039582;"IR 103288";"A13DSC-35";"IR 103288";3890272;"IR05N412/PR 37921-B-3-2-2"
"IRRIGATED SEA";"2013WSBULK";"A140615";4039583;"IR 103289";"A13DSC-36";"IR 103289";3890273;"IR05N412/PR 37951-3B-37-1-2"
"IRRIGATED SEA";"2013WSBULK";"A140616";4039584;"IR 103290";"A13DSC-37";"IR 103290";3890274;"IR 28/NSIC RC 158"
"IRRIGATED SEA";"2013WSBULK";"A140617";4039585;"IR 103291";"A13DSC-38";"IR 103291";3890275;"IR 50/IR09A104"
"IRRIGATED SEA";"2013WSBULK";"A140618";4039586;"IR 103292";"A13DSC-39";"IR 103292";3890276;"IR 50/IR09A136"
"IRRIGATED SEA";"2013WSBULK";"A140619";4039587;"IR 103293";"A13DSC-40";"IR 103293";3890277;"IRRI 123/FEDEARROZ 2000"
"IRRIGATED SEA";"2013WSBULK";"A140620";4039588;"IR 103294";"A13DSC-41";"IR 103294";3890278;"IRRI 149/COLOMBIA XXI"
"IRRIGATED SEA";"2013WSBULK";"A140621";4039589;"IR 103295";"A13DSC-42";"IR 103295";3890279;"IRRI 149/FEDEARROZ 473"
"IRRIGATED SEA";"2013WSBULK";"A140622";4039590;"IR 103296";"A13DSC-43";"IR 103296";3890280;"IRRI 154/IRRI 151"
"IRRIGATED SEA";"2013WSBULK";"A140623";4039591;"IR 103318";"A13DSC-65";"IR 103318";3890302;"PR 37275-7-30-8-1-1-2-2-2/HHZ 8-SAL 6-SAL 3-Y2"
"IRRIGATED SEA";"2013WSBULK";"A140624";4039592;"IR 103329";"A13DSC-76";"IR 103329";3890313;"PR 37866-1B-1-4/PSB RC 10 (IR 50404-57-2-2-3)"
"IRRIGATED SEA";"2013WSBULK";"A140625";4039593;"IR 103341";"A13DSC-88";"IR 103341";3890325;"PR 37951-3B-37-1-2/PSB RC 10 (IR 50404-57-2-2-3)"
"IRRIGATED SEA";"2013WSBULK";"A140626";4039594;"IR 103342";"A13DSC-89";"IR 103342";3890326;"TME 80518/IR05N412"
"IRRIGATED SEA";"2013WSBULK";"A140627";4039595;"IR 103343";"A13DSC-90";"IR 103343";3890327;"ZH 1/IR08N210"
"IRRIGATED SEA";"2013WSBULK";"A140628";4039596;"IR 103344";"A13DSC-91";"IR 103344";3890328;"ZH 1/IR09N496"
"IRRIGATED SEA";"2013WSBULK";"A140629";4039597;"IR 103345";"A13DSC-92";"IR 103345";3890329;"C 7546 WH 2-2-1-1-9-2-3-2-1-2/IR10F339"
"IRRIGATED SEA";"2013WSBULK";"A140630";4039598;"IR 103346";"A13DSC-93";"IR 103346";3890330;"HHZ 1-Y4-Y1/IR10F339"
"IRRIGATED SEA";"2013WSBULK";"A140631";4039599;"IR 103347";"A13DSC-94";"IR 103347";3890331;"IR04A115/IR10F339"
"IRRIGATED SEA";"2013WSBULK";"A140632";4039600;"IR 103348";"A13DSC-95";"IR 103348";3890332;"IR05N419/IR10F339"
"IRRIGATED SEA";"2013WSBULK";"A140633";4039601;"IR 103349";"A13DSC-96";"IR 103349";3890333;"IR06A144/IR10F365"
"IRRIGATED SEA";"2013WSBULK";"A140634";4039602;"IR 103350";"A13DSC-97";"IR 103350";3890334;"IR06A145/IR05F102"
"IRRIGATED SEA";"2013WSBULK";"A140635";4039603;"IR 103351";"A13DSC-98";"IR 103351";3890335;"IR06N170/IR10F365"
"IRRIGATED SEA";"2013WSBULK";"A140636";4039604;"IR 103352";"A13DSC-99";"IR 103352";3890336;"IR06N209/IR10F365"
"IRRIGATED SEA";"2013WSBULK";"A140637";4039605;"IR 103354";"A13DSC-101";"IR 103354";3890338;"IRRI 149/FEDEARROZ 473"
"IRRIGATED SEA";"2013WSBULK";"A140638";4039606;"IR 103360";"A13DSC-107";"IR 103360";3890470;"IR 42/IR10F339"
"IRRIGATED SEA";"2013WSBULK";"A140639";4039607;"IR 103362";"A13DSC-109";"IR 103362";3890472;"IR 50/IR09A104"
"IRRIGATED SEA";"2013WSBULK";"A140640";4039608;"IR 103363";"A13DSC-110";"IR 103363";3890473;"IR 50/IR09A136"
"IRRIGATED SEA";"2013WSBULK";"A140641";4039609;"IR 103364";"A13DSC-111";"IR 103364";3890474;"IR 50/PSB RC 10 (IR 50404-57-2-2-3)"
"IRRIGATED SEA";"2013WSBULK";"A140642";4039610;"IR 103365";"A13DSC-112";"IR 103365";3890475;"IR 69726-29-1-2-2-2 (MATATAG 2)/IR09F173"
"IRRIGATED SEA";"2013WSBULK";"A140643";4039611;"IR 103366";"A13DSC-113";"IR 103366";3890476;"IR 69726-29-1-2-2-2 (MATATAG 2)/IR10F339"
"IRRIGATED SEA";"2013WSBULK";"A140644";4039612;"IR 103367";"A13DSC-114";"IR 103367";3890477;"IR 69726-29-1-2-2-2 (MATATAG 2)/IR09F437"
"IRRIGATED SEA";"2013WSBULK";"A140645";4039613;"IR 103368";"A13DSC-115";"IR 103368";3890478;"IR 69726-29-1-2-2-2 (MATATAG 2)/IR10F388"
"IRRIGATED SEA";"2013WSBULK";"A140646";4039614;"IR 103369";"A13DSC-116";"IR 103369";3890479;"IRRI 154/FEDEARROZ 2000"
"IRRIGATED SEA";"2013WSBULK";"A140647";4039615;"IR 103370";"A13DSC-117";"IR 103370";3890480;"OM 4498/GIZA 178"
"IRRIGATED SEA";"2013WSBULK";"A140648";4039616;"IR 103371";"A13DSC-118";"IR 103371";3890481;"OM 4498/N 22"
"IRRIGATED SEA";"2013WSBULK";"A140649";4039617;"IR 103678";"A13DMC-432";"IR 103678";3891419;"IR04A115/PSB RC 10 (IR 50404-57-2-2-3)//IRRI 156"
"IRRIGATED SEA";"2013WSBULK";"A140650";4039618;"IR 103679";"A13DMC-433";"IR 103679";3891420;"IR04A115/IR07N112//OM 4498"
"IRRIGATED SEA";"2013WSBULK";"A140651";4039619;"IR 103680";"A13DMC-434";"IR 103680";3891421;"IR04A115/IR09M105//HHZ 8-SAL 6-SAL 3-Y2"
"IRRIGATED SEA";"2013WSBULK";"A140652";4039620;"IR 103681";"A13DMC-435";"IR 103681";3891422;"IR04A115/IR09M105//PR 35786-B-3-3-2-1-1"
"IRRIGATED SEA";"2013WSBULK";"A140653";4039621;"IR 103682";"A13DMC-436";"IR 103682";3891423;"IR04A115/IR09M105//OM 4498"
"IRRIGATED SEA";"2013WSBULK";"A140654";4039622;"IR 103683";"A13DMC-437";"IR 103683";3891424;"IR04A115/IR10M153//HHZ 1-Y4-Y1"
"IRRIGATED SEA";"2013WSBULK";"A140655";4039623;"IR 103684";"A13DMC-438";"IR 103684";3891425;"IR04A115/IR10M153//PR 37951-3B-37-1-2"
"IRRIGATED SEA";"2013WSBULK";"A140656";4039624;"IR 103685";"A13DMC-439";"IR 103685";3891426;"IR04A115/IR10M153//PSB RC 10 (IR 50404-57-2-2-3)"
"IRRIGATED SEA";"2013WSBULK";"A140657";4039625;"IR 103686";"A13DMC-440";"IR 103686";3891427;"IR04A115/IR10M108//IR09A104"
"IRRIGATED SEA";"2013WSBULK";"A140658";4039626;"IR 103687";"A13DMC-441";"IR 103687";3891428;"IRRI 151/IRRI 154//IR10F203"
"IRRIGATED SEA";"2013WSBULK";"A140659";4039627;"IR 103688";"A13DMC-442";"IR 103688";3891429;"IRRI 151/PSB RC 10 (IR 50404-57-2-2-3)//PR 37951-3B-37-1-2"
"IRRIGATED SEA";"2013WSBULK";"A140660";4039628;"IR 103689";"A13DMC-443";"IR 103689";3891430;"IRRI 151/IR10M153//HHZ 8-SAL 6-SAL 3-Y2"
"IRRIGATED SEA";"2013WSBULK";"A140661";4039629;"IR 103690";"A13DMC-444";"IR 103690";3891431;"IRRI 151/IR10M153//IR09A104"
"IRRIGATED SEA";"2013WSBULK";"A140662";4039630;"IR 103691";"A13DMC-445";"IR 103691";3891432;"IRRI 151/IR10M153//OM 4498"
"IRRIGATED SEA";"2013WSBULK";"A140663";4039631;"IR 103692";"A13DMC-446";"IR 103692";3891433;"IRRI 151/IR10M108//PR 37866-1B-1-4"
"IRRIGATED SEA";"2013WSBULK";"A140664";4039632;"IR 103693";"A13DMC-447";"IR 103693";3891434;"IRRI 151/IR10M108//PR 37921-B-3-2-2"
"IRRIGATED SEA";"2013WSBULK";"A140665";4039633;"IR 103694";"A13DMC-448";"IR 103694";3891435;"IRRI 151/IR10M108//IR 93312-30-101-20-13-64-21"
"IRRIGATED SEA";"2013WSBULK";"A140666";4039634;"IR 103695";"A13DMC-449";"IR 103695";3891436;"IR05N412/PSB RC 10 (IR 50404-57-2-2-3)//PR 37951-3B-37-1-2"
"IRRIGATED SEA";"2013WSBULK";"A140667";4039635;"IR 103696";"A13DMC-450";"IR 103696";3891437;"IR05N412/IR10M153//PR 30245-10-414"
"IRRIGATED SEA";"2013WSBULK";"A140668";4039636;"IR 103697";"A13DMC-451";"IR 103697";3891438;"IR05N412/IR10M153//OM 4498"
"IRRIGATED SEA";"2013WSBULK";"A140669";4039637;"IR 103698";"A13DMC-452";"IR 103698";3891439;"IR05N412/IR10M108//HHZ 8-SAL 6-SAL 3-Y2"
"IRRIGATED SEA";"2013WSBULK";"A140670";4039638;"IR 103699";"A13DMC-453";"IR 103699";3891440;"IR05N412/IR10M108//PR 37951-3B-37-1-2"
"IRRIGATED SEA";"2013WSBULK";"A140671";4039639;"IR 103700";"A13DMC-454";"IR 103700";3891552;"IR06A150/PSB RC 10 (IR 50404-57-2-2-3)//OM 4498"
"IRRIGATED SEA";"2013WSBULK";"A140672";4039640;"IR 103701";"A13DMC-455";"IR 103701";3891553;"IR06A150/PSB RC 10 (IR 50404-57-2-2-3)//PR 37951-3B-37-1-2"
"IRRIGATED SEA";"2013WSBULK";"A140673";4039641;"IR 103702";"A13DMC-456";"IR 103702";3891554;"IR06A150/IRRI 123//IR 85891-B-B-AJY 1"
"IRRIGATED SEA";"2013WSBULK";"A140674";4039642;"IR 103703";"A13DMC-457";"IR 103703";3891555;"IR06A150/MILYANG 23//HHZ 8-SAL 6-SAL 3-Y2"
"IRRIGATED SEA";"2013WSBULK";"A140675";4039643;"IR 103707";"A13DMC-461";"IR 103707";3891559;"IR06N209/NSIC RC 158//IR12T217"
"IRRIGATED SEA";"2013WSBULK";"A140676";4039644;"IR 103708";"A13DMC-462";"IR 103708";3891560;"IR06N209/PSB RC 10 (IR 50404-57-2-2-3)//HHZ 1-Y4-Y1"
"IRRIGATED SEA";"2013WSBULK";"A140677";4039645;"IR 103709";"A13DMC-463";"IR 103709";3891561;"IR06N209/MILYANG 23//HHZ 1-Y4-Y1"
"IRRIGATED SEA";"2013WSBULK";"A140678";4039646;"IR 103710";"A13DMC-464";"IR 103710";3891562;"IR06N209/IR07N112//IR05N412"
"IRRIGATED SEA";"2013WSBULK";"A140679";4039647;"IR 103711";"A13DMC-465";"IR 103711";3891563;"IR06N209/IR10M153//OM 4498"
"IRRIGATED SEA";"F2_2013DS_UNP";"A140475";3879446;"IR 99980";"F12012WS";"IR 99980";3731467;"IR04A115/IRRI 146"
"IRRIGATED SEA";"F2_2013DS_UNP";"A140476";3879447;"IR 99981";"F12012WS";"IR 99981";3731468;"IR04A115/IRRI 154"
"IRRIGATED SEA";"F2_2013DS_UNP";"A140477";3879448;"IR 99982";"F12012WS";"IR 99982";3731469;"IR04A115/IRRI 104"
"IRRIGATED SEA";"F2_2013DS_UNP";"A140478";3879449;"IR 99984";"F12012WS";"IR 99984";3731471;"IR04A115/IRRI 123"
"IRRIGATED SEA";"F2_2013DS_UNP";"A140479";3879450;"IR 99985";"F12012WS";"IR 99985";3731472;"IR04A115/MILYANG 23"
"IRRIGATED SEA";"F2_2013DS_UNP";"A140480";3879451;"IR 99986";"F12012WS";"IR 99986";3731473;"IR04A115/IR07N112"
"IRRIGATED SEA";"F2_2013DS_UNP";"A140481";3879452;"IR 99987";"F12012WS";"IR 99987";3731474;"IR04A115/IR09N200"
"IRRIGATED SEA";"F2_2013DS_UNP";"A140482";3879453;"IR 99988";"F12012WS";"IR 99988";3731475;"IR04A115/IR09M105"
"IRRIGATED SEA";"F2_2013DS_UNP";"A140483";3879454;"IR 99989";"F12012WS";"IR 99989";3731476;"IR04A115/IR10M245"
"IRRIGATED SEA";"F2_2013DS_UNP";"A140484";3879455;"IR 99990";"F12012WS";"IR 99990";3731477;"IR04A115/IR10M153"
"IRRIGATED SEA";"F2_2013DS_UNP";"A140485";3879456;"IR 99991";"F12012WS";"IR 99991";3731478;"IR04A115/IR10M108"
"IRRIGATED SEA";"F2_2013DS_UNP";"A140486";3879457;"IR 100004";"F12012WS";"IR 100004";3731491;"IR05N412/IRRI 146"
"IRRIGATED SEA";"F2_2013DS_UNP";"A140487";3879458;"IR 100005";"F12012WS";"IR 100005";3731492;"IR05N412/IRRI 154"
"IRRIGATED SEA";"F2_2013DS_UNP";"A140488";3879459;"IR 100006";"F12012WS";"IR 100006";3731493;"IR05N412/IRRI 104"
"IRRIGATED SEA";"F2_2013DS_UNP";"A140489";3879460;"IR 100008";"F12012WS";"IR 100008";3731495;"IR05N412/IRRI 123"
"IRRIGATED SEA";"F2_2013DS_UNP";"A140490";3879461;"IR 100009";"F12012WS";"IR 100009";3731496;"IR05N412/IR07N112"
"IRRIGATED SEA";"F2_2013DS_UNP";"A140491";3879462;"IR 100010";"F12012WS";"IR 100010";3731497;"IR05N412/IR09M105"
"IRRIGATED SEA";"F2_2013DS_UNP";"A140492";3879463;"IR 100011";"F12012WS";"IR 100011";3731498;"IR05N412/IR10M245"
"IRRIGATED SEA";"F2_2013DS_UNP";"A140493";3879464;"IR 100012";"F12012WS";"IR 100012";3731499;"IR05N412/IR10M153"
"IRRIGATED SEA";"F2_2013DS_UNP";"A140494";3879465;"IR 100013";"F12012WS";"IR 100013";3731500;"IR05N412/IR10M108"
"IRRIGATED SEA";"F2_2013DS_UNP";"A140495";3879466;"IR 100014";"F12012WS";"IR 100014";3731501;"IR06A150/IRRI 146"
"IRRIGATED SEA";"F2_2013DS_UNP";"A140496";3879467;"IR 100015";"F12012WS";"IR 100015";3731502;"IR06A150/IRRI 154"
"IRRIGATED SEA";"F2_2013DS_UNP";"A140497";3879468;"IR 100016";"F12012WS";"IR 100016";3731503;"IR06A150/IRRI 104"
"IRRIGATED SEA";"F2_2013DS_UNP";"A140498";3879469;"IR 100018";"F12012WS";"IR 100018";3731505;"IR06A150/IRRI 123"
"IRRIGATED SEA";"F2_2013DS_UNP";"A140499";3879470;"IR 100019";"F12012WS";"IR 100019";3731506;"IR06A150/MILYANG 23"
"IRRIGATED SEA";"F2_2013DS_UNP";"A140500";3879471;"IR 100020";"F12012WS";"IR 100020";3731507;"IR06A150/IR07N112"
"IRRIGATED SEA";"F2_2013DS_UNP";"A140501";3879472;"IR 100021";"F12012WS";"IR 100021";3731508;"IR06A150/IR09N200"
"IRRIGATED SEA";"F2_2013DS_UNP";"A140502";3879473;"IR 100022";"F12012WS";"IR 100022";3731509;"IR06A150/IR09M105"
"IRRIGATED SEA";"F2_2013DS_UNP";"A140503";3879474;"IR 100023";"F12012WS";"IR 100023";3731510;"IR06A150/IR10M245"
"IRRIGATED SEA";"F2_2013DS_UNP";"A140504";3879475;"IR 100024";"F12012WS";"IR 100024";3731511;"IR06A150/IR10M153"
"IRRIGATED SEA";"F2_2013DS_UNP";"A140505";3879476;"IR 100025";"F12012WS";"IR 100025";3731512;"IR06A150/IR10M108"
"IRRIGATED SEA";"F2_2013DS_UNP";"A140506";3879477;"IR 100026";"F12012WS";"IR 100026";3731513;"IR06N209/IRRI 146"
"IRRIGATED SEA";"F2_2013DS_UNP";"A140507";3879478;"IR 100027";"F12012WS";"IR 100027";3731514;"IR06N209/IRRI 154"
"IRRIGATED SEA";"F2_2013DS_UNP";"A140508";3879479;"IR 100028";"F12012WS";"IR 100028";3731515;"IR06N209/IRRI 104"
"IRRIGATED SEA";"F2_2013DS_UNP";"A140509";3879480;"IR 100030";"F12012WS";"IR 100030";3731517;"IR06N209/IRRI 123"
"IRRIGATED SEA";"F2_2013DS_UNP";"A140510";3879481;"IR 100031";"F12012WS";"IR 100031";3731518;"IR06N209/MILYANG 23"
"IRRIGATED SEA";"F2_2013DS_UNP";"A140511";3879482;"IR 100032";"F12012WS";"IR 100032";3731519;"IR06N209/IR07N112"
"IRRIGATED SEA";"F2_2013DS_UNP";"A140512";3879483;"IR 100033";"F12012WS";"IR 100033";3731520;"IR06N209/IR09N200"
"IRRIGATED SEA";"F2_2013DS_UNP";"A140513";3879484;"IR 100034";"F12012WS";"IR 100034";3731521;"IR06N209/IR09M105"
"IRRIGATED SEA";"F2_2013DS_UNP";"A140514";3879485;"IR 100035";"F12012WS";"IR 100035";3731522;"IR06N209/IR10M245"
"IRRIGATED SEA";"F2_2013DS_UNP";"A140515";3879486;"IR 100036";"F12012WS";"IR 100036";3731523;"IR06N209/IR10M153"
"IRRIGATED SEA";"F2_2013DS_UNP";"A140516";3879487;"IR 100037";"F12012WS";"IR 100037";3731524;"IR06N209/IR10M108"
"IRRIGATED SEA";"F2_2013DS_UNP";"A140517";3879488;"IR 100052";"F12012WS";"IR 100052";3731547;"IR08A172/IRRI 104"
"IRRIGATED SEA";"F2_2013DS_UNP";"A140518";3879489;"IR 100054";"F12012WS";"IR 100054";3731549;"IR08A172/MILYANG 23"
"IRRIGATED SEA";"F2_2013DS_UNP";"A140519";3879490;"IR 100060";"F12012WS";"IR 100060";3731555;"IR08N136/IRRI 146"
"IRRIGATED SEA";"F2_2013DS_UNP";"A140520";3879491;"IR 100061";"F12012WS";"IR 100061";3731556;"IR08N136/IRRI 154"
"IRRIGATED SEA";"F2_2013DS_UNP";"A140521";3879492;"IR 100062";"F12012WS";"IR 100062";3731557;"IR08N136/IRRI 104"
"IRRIGATED SEA";"F2_2013DS_UNP";"A140522";3879493;"IR 100064";"F12012WS";"IR 100064";3731559;"IR08N136/IRRI 123"
"IRRIGATED SEA";"F2_2013DS_UNP";"A140523";3879494;"IR 100065";"F12012WS";"IR 100065";3731560;"IR08N136/MILYANG 23"
"IRRIGATED SEA";"F2_2013DS_UNP";"A140524";3879495;"IR 100066";"F12012WS";"IR 100066";3731561;"IR08N136/IR07N112"
"IRRIGATED SEA";"F2_2013DS_UNP";"A140525";3879496;"IR 100067";"F12012WS";"IR 100067";3731562;"IR08N136/IR09N200"
"IRRIGATED SEA";"F2_2013DS_UNP";"A140526";3879497;"IR 100068";"F12012WS";"IR 100068";3731563;"IR08N136/IR09M105"
"IRRIGATED SEA";"F2_2013DS_UNP";"A140527";3879498;"IR 100069";"F12012WS";"IR 100069";3731564;"IR08N136/IR10M245"
"IRRIGATED SEA";"F2_2013DS_UNP";"A140528";3879499;"IR 100070";"F12012WS";"IR 100070";3731565;"IR08N136/IR10M153"
"IRRIGATED SEA";"F2_2013DS_UNP";"A140529";3879500;"IR 100071";"F12012WS";"IR 100071";3731566;"IR08N136/IR10M108"
"IRRIGATED SEA";"F2_2013DS_UNP";"A140530";3879501;"IR 100072";"F12012WS";"IR 100072";3731567;"IR09A136/IRRI 146"
"IRRIGATED SEA";"F2_2013DS_UNP";"A140531";3879502;"IR 100073";"F12012WS";"IR 100073";3731568;"IR09A136/IRRI 154"
"IRRIGATED SEA";"F2_2013DS_UNP";"A140532";3879503;"IR 100074";"F12012WS";"IR 100074";3731569;"IR09A136/IRRI 104"
"IRRIGATED SEA";"F2_2013DS_UNP";"A140533";3879504;"IR 100077";"F12012WS";"IR 100077";3731572;"IR09A136/MILYANG 23"
"IRRIGATED SEA";"F2_2013DS_UNP";"A140534";3879505;"IR 100086";"F12012WS";"IR 100086";3731581;"IR09N542/IRRI 104"
"IRRIGATED SEA";"F2_2013DS_UNP";"A140535";3879506;"IR 100098";"F12012WS";"IR 100098";3731593;"IR10N108/IRRI 104"
"IRRIGATED SEA";"F2_2013DS_UNP";"A140536";3879507;"IR 100101";"F12012WS";"IR 100101";3731596;"IR10N108/MILYANG 23"
"IRRIGATED SEA";"F2_2013DS_UNP";"A140537";3879508;"IR 100108";"F12012WS";"IR 100108";3731603;"PR 37285-17-31-12-1-21-1-2/IRRI 146"
"IRRIGATED SEA";"F2_2013DS_UNP";"A140538";3879509;"IR 100109";"F12012WS";"IR 100109";3731604;"PR 37285-17-31-12-1-21-1-2/IRRI 154"
"IRRIGATED SEA";"F2_2013DS_UNP";"A140539";3879510;"IR 100110";"F12012WS";"IR 100110";3731605;"PR 37285-17-31-12-1-21-1-2/IRRI 104"
"IRRIGATED SEA";"F2_2013DS_UNP";"A140540";3879511;"IR 100112";"F12012WS";"IR 100112";3731607;"PR 37285-17-31-12-1-21-1-2/IRRI 123"
"IRRIGATED SEA";"F2_2013DS_UNP";"A140541";3879512;"IR 100113";"F12012WS";"IR 100113";3731608;"PR 37285-17-31-12-1-21-1-2/MILYANG 23"
"IRRIGATED SEA";"F2_2013DS_UNP";"A140542";3879513;"IR 100120";"F12012WS";"IR 100120";3731615;"PR 37866-1B-1-4/IRRI 146"
"IRRIGATED SEA";"F2_2013DS_UNP";"A140543";3879514;"IR 100121";"F12012WS";"IR 100121";3731616;"PR 37866-1B-1-4/IRRI 154"
"IRRIGATED SEA";"F2_2013DS_UNP";"A140544";3879515;"IR 100122";"F12012WS";"IR 100122";3731617;"PR 37866-1B-1-4/IRRI 104"
"IRRIGATED SEA";"F2_2013DS_UNP";"A140545";3879516;"IR 100124";"F12012WS";"IR 100124";3731619;"PR 37866-1B-1-4/IRRI 123"
"IRRIGATED SEA";"F2_2013DS_UNP";"A140546";3879517;"IR 100125";"F12012WS";"IR 100125";3731620;"PR 37866-1B-1-4/MILYANG 23"
"IRRIGATED SEA";"F2_2013DS_UNP";"A140547";3879518;"IR 100145";"F12012WS";"IR 100145";3731640;"IR09N514/IRRI 104"
"IRRIGATED SEA";"F2_2013DS_UNP";"A140548";3879519;"IR 100157";"F12012WS";"IR 100157";3731652;"IR08N128/IRRI 104"
"IRRIGATED SEA";"F2_2013DS_UNP";"A140549";3879520;"IR 100702";"F12012WS";"IR 100702";3732197;"IR03N137/IRRI 146//IR05N412"
"IRRIGATED SEA";"F2_2013DS_UNP";"A140550";3879521;"IR 100703";"F12012WS";"IR 100703";3732198;"IR03N137/IR 24//IR10N108"
"IRRIGATED SEA";"F2_2013DS_UNP";"A140551";3879522;"IR 100706";"F12012WS";"IR 100706";3732201;"IR08A176/IRRI 146//IR09A136"
"IRRIGATED SEA";"F2_2013DS_UNP";"A140552";3879523;"IR 100709";"F12012WS";"IR 100709";3732204;"IR08A176/SAN HUANG ZHAN NO 2//IR09N542"
"IRRIGATED SEA";"F2_2013DS_UNP";"A140553";3879524;"IR 100714";"F12012WS";"IR 100714";3732209;"IR03N137/IRRI 154//PR 37866-1B-1-4"
"IRRIGATED SEA";"F2_2013DS_UNP";"A140554";3879525;"IR 100719";"F12012WS";"IR 100719";3732214;"IR08N194/IR 42//IR08A172"
"IRRIGATED SEA";"F2_2013DS_UNP";"A140555";3879526;"IR 100720";"F12012WS";"IR 100720";3732215;"IR08N194/IR08N128//IR06A150"
"IRRIGATED SEA";"F2_2013DS_UNP";"A140556";3879527;"IR 100721";"F12012WS";"IR 100721";3732216;"IR08N194/IR10F382//IR10N108"
"IRRIGATED SEA";"F2_2013DS_UNP";"A140557";3879528;"IR 100722";"F12012WS";"IR 100722";3732217;"IR08N194/IR10F388//IR05N412"
"IRRIGATED SEA";"F2_2013DS_UNP";"A140558";3879529;"IR 100723";"F12012WS";"IR 100723";3732218;"IR08N194/IR10F365//PR 37285-17-31-12-1-21-1-2"
"IRRIGATED SEA";"F2_2013DS_UNP";"A140559";3879530;"IR 100724";"F12012WS";"IR 100724";3732219;"IR03N137/IRRI 117//IR08A172"
"IRRIGATED SEA";"F2_2013DS_UNP";"A140560";3879531;"IR 100725";"F12012WS";"IR 100725";3732220;"IR08N194/IR08N136//IR04A115"
"IRRIGATED SEA";"F2_2013DS_UNP";"A140561";3879532;"IR 100726";"F12012WS";"IR 100726";3732221;"IR09A133/IRRI 146//IR10N108"
"IRRIGATED SEA";"F2_2013DS_UNP";"A140562";3879533;"IR 100727";"F12012WS";"IR 100727";3732222;"IR09A133/IRRI 154//PR 37866-1B-1-4"
"IRRIGATED SEA";"F2_2013DS_UNP";"A140563";3879534;"IR 100728";"F12012WS";"IR 100728";3732223;"IR09A133/IRRI 105//IR04A115"
"IRRIGATED SEA";"F2_2013DS_UNP";"A140564";3879535;"IR 100732";"F12012WS";"IR 100732";3732227;"IR09N106/IR10G106//IR09A136"
"IRRIGATED SEA";"F2_2013DS_UNP";"A140565";3879536;"IR 100735";"F12012WS";"IR 100735";3732230;"IR03N137/IRRI 105//IR08N136"
"IRRIGATED SEA";"F2_2013DS_UNP";"A140566";3879537;"IR 100736";"F12012WS";"IR 100736";3732231;"IR09N190/IRRI 105//PR 37285-17-31-12-1-21-1-2"
"IRRIGATED SEA";"F2_2013DS_UNP";"A140567";3879538;"IR 100740";"F12012WS";"IR 100740";3732235;"IR09N496/IRRI 105//PR 37866-1B-1-4"
"IRRIGATED SEA";"F2_2013DS_UNP";"A140568";3879539;"IR 100745";"F12012WS";"IR 100745";3732240;"IR09N520/IRRI 146//PR 37285-17-31-12-1-21-1-2"
"IRRIGATED SEA";"F2_2013DS_UNP";"A140569";3879540;"IR 100749";"F12012WS";"IR 100749";3732244;"IRRI 168/IRRI 146//PR 37285-17-31-12-1-21-1-2"
"IRRIGATED SEA";"F2_2013DS_UNP";"A140570";3879541;"IR 100751";"F12012WS";"IR 100751";3732246;"IR10A125/IRRI 105//IR08A176"
"IRRIGATED SEA";"F2_2013DS_UNP";"A140571";3879542;"IR 100752";"F12012WS";"IR 100752";3732247;"IR10A125/SAN HUANG ZHAN NO 2//IR08A176"
"IRRIGATED SEA";"F2_2013DS_UNP";"A140572";3879543;"IR 100754";"F12012WS";"IR 100754";3732249;"IRRI 117/IRRI 106//IR10N108"
"IRRIGATED SEA";"F2_2013DS_UNP";"A140573";3846442;"IR 100755";"F12012WS";"IR 100755";3732250;"IRRI 119/IR 42//IR09N542"
"IRRIGATED SEA";"F2_2013DS_UNP";"A140574";3846443;"IR 100756";"F12012WS";"IR 100756";3732251;"IRRI 119/IR 24//IR08A172"
"IRRIGATED SEA";"F2_2013DS_BOHOL";201;3846487;"IR 99983";"A12WSC-4";"IR 99983";3731470;"IR04A115/IRRI 105"
"IRRIGATED SEA";"F2_2013DS_BOHOL";202;3846488;"IR 100007";"A12WSC-28";"IR 100007";3731494;"IR05N412/IRRI 105"
"IRRIGATED SEA";"F2_2013DS_BOHOL";203;3846429;"IR 100017";"A12WSC-38";"IR 100017";3731504;"IR06A150/IRRI 105"
"IRRIGATED SEA";"F2_2013DS_BOHOL";204;3846430;"IR 100029";"A12WSC-50";"IR 100029";3731516;"IR06N209/IRRI 105"
"IRRIGATED SEA";"F2_2013DS_BOHOL";205;3846431;"IR 100041";"A12WSC-62";"IR 100041";3731528;"IR06N234/IRRI 105"
"IRRIGATED SEA";"F2_2013DS_BOHOL";206;3846432;"IR 100063";"A12WSC-84";"IR 100063";3731558;"IR08N136/IRRI 105"
"IRRIGATED SEA";"F2_2013DS_BOHOL";207;3846433;"IR 100075";"A12WSC-96";"IR 100075";3731570;"IR09A136/IRRI 105"
"IRRIGATED SEA";"F2_2013DS_BOHOL";208;3846434;"IR 100087";"A12WSC-108";"IR 100087";3731582;"IR09N542/IRRI 105"
"IRRIGATED SEA";"F2_2013DS_BOHOL";209;3846435;"IR 100099";"A12WSC-120";"IR 100099";3731594;"IR10N108/IRRI 105"
"IRRIGATED SEA";"F2_2013DS_BOHOL";210;3846436;"IR 100111";"A12WSC-132";"IR 100111";3731606;"PR 37285-17-31-12-1-21-1-2/IRRI 105"
"IRRIGATED SEA";"F2_2013DS_BOHOL";211;3846437;"IR 100123";"A12WSC-144";"IR 100123";3731618;"PR 37866-1B-1-4/IRRI 105"
"IRRIGATED SEA";"F2_2013DS_BOHOL";212;3846438;"IR 100134";"A12WSC-155";"IR 100134";3731629;"IR10A125/IRRI 105"
"IRRIGATED SEA";"F2_2013DS_BOHOL";213;3846439;"IR 100146";"A12WSC-167";"IR 100146";3731641;"IR09N514/IRRI 105"
"IRRIGATED SEA";"F2_2013DS_BOHOL";214;3846440;"IR 100158";"A12WSC-179";"IR 100158";3731653;"IR08N128/IRRI 105"
"IRRIGATED SEA";"F2_2013DS_BOHOL";215;3846441;"IR 100169";"A12WSC-190";"IR 100169";3731664;"IR08A176/IRRI 105"
"IRRIGATED SEA";"F2_2013DS_BOHOL";216;3846442;"IR 100755";"A12WMC-776";"IR 100755";3732250;"IRRI 119/IR 42//IR09N542"
"IRRIGATED SEA";"F2_2013DS_BOHOL";217;3846443;"IR 100756";"A12WMC-777";"IR 100756";3732251;"IRRI 119/IR 24//IR08A172"
"IRRIGATED SEA";"F2_2012WS_PRO";"A140301";3779130;"IR 98399";"A12DSC-30";"IR 98399";3569853;"IR08A176/SAN HUANG ZHAN NO 2"
"IRRIGATED SEA";"F2_2012WS_PRO";"A140302";3779131;"IR 98413";"A12DSC-44";"IR 98413";3569867;"IR08N194/IR 42"
"IRRIGATED SEA";"F2_2012WS_PRO";"A140303";3779132;"IR 98415";"A12DSC-46";"IR 98415";3568729;"IR08N194/IR08N128"
"IRRIGATED SEA";"F2_2012WS_PRO";"A140304";3779133;"IR 98416";"A12DSC-47";"IR 98416";3568730;"IR08N194/IR10F382"
"IRRIGATED SEA";"F2_2012WS_PRO";"A140305";3779134;"IR 98417";"A12DSC-48";"IR 98417";3568731;"IR08N194/IR10F388"
"IRRIGATED SEA";"F2_2012WS_PRO";"A140306";3779135;"IR 98418";"A12DSC-49";"IR 98418";3568732;"IR08N194/IR10F365"
"IRRIGATED SEA";"F2_2012WS_PRO";"A140307";3779136;"IR 98419";"A12DSC-50";"IR 98419";3568733;"IR08N194/IR08N136"
"IRRIGATED SEA";"F2_2012WS_PRO";"A140308";3779137;"IR 98425";"A12DSC-56";"IR 98425";3568739;"IR09N106/IR05N412"
"IRRIGATED SEA";"F2_2012WS_PRO";"A140309";3779138;"IR 98426";"A12DSC-57";"IR 98426";3568740;"IR09N106/IR10G106"
"IRRIGATED SEA";"F2_2012WS_PRO";"A140310";3779139;"IR 98460";"A12DSC-91";"IR 98460";3568774;"IR10A125/SAN HUANG ZHAN NO 2"
"IRRIGATED SEA";"F2_2012WS_PRO";"A140311";3779140;"IR 98463";"A12DSC-94";"IR 98463";3568777;"IRRI 119/IR 42"
"IRRIGATED SEA";"F2_2012WS_PRO";"A140312";3779141;"IR 98464";"A12DSC-95";"IR 98464";3568778;"IRRI 119/IR 24"
"IRRIGATED SEA";"F2_2012WS_PRO";"A140313";3779142;"IR 99046";"A12DMC-677";"IR 99046";3569398;"IR04A428/IR 67966-44-2-3-2//MTU 1113"
"IRRIGATED SEA";"F2_2012WS_PRO";"A140314";3779143;"IR 99054";"A12DMC-685";"IR 99054";3569406;"IR10M101/IR 73006-12-3-3-2//PAU 3105-45-3-2"
"IRRIGATED SEA";"F2_2012WS_PRO";"A140315";3779144;"IR 99056";"A12DMC-687";"IR 99056";3569408;"IR09A228/IR02A201//IR07A234"
"IRRIGATED SEA";"F2_2012WS_PRO";"A140316";3779145;"IR 99064";"A12DMC-695";"IR 99064";3569416;"IR09M127/IR05N173//IR10A125"
"IRRIGATED SEA";"F2_2012WS_PRO";"A140317";3779146;"IR 99065";"A12DMC-696";"IR 99065";3569417;"IR09N519/IR 65450-173-2-1-1-3-3//IR08A176"
"IRRIGATED SEA";"F2_2012WS_PRO";"A140318";3779147;"IR 99076";"A12DMC-707";"IR 99076";3569428;"IR09N202/IR 72875-94-3-3-2//PR 115"
"IRRIGATED SEA";"F2_2012WS_PRO";"A140319";3779148;"IR 99077";"A12DMC-708";"IR 99077";3569429;"IR10N105/IR 72903-121-2-1-2//IR05N412"
"IRRIGATED SEA";"F2_2012WS_PRO";"A140320";3779149;"IR 99082";"A12DMC-713";"IR 99082";3569434;"IR09N481/IR 72903-121-2-1-2//IR09N496"
"IRRIGATED SEA";"F2_2012WS_PRO";"A140321";3779150;"IR 99083";"A12DMC-714";"IR 99083";3569435;"IR09N481/IR01N223//IR08A176"
"IRRIGATED SEA";"F2_2012WS_PRO";"A140322";3779151;"IR 99084";"A12DMC-715";"IR 99084";3569436;"IRBB23/IR02N211//IR08A192"
"IRRIGATED SEA";"F2_2012WS_PRO";"A140323";3779152;"IR 99112";"A12DMC-743";"IR 99112";3569464;"PR 113/IR04A285//IR09N190"
"IRRIGATED SEA";"F2_2012WS_PRO";"A140324";3779153;"IR 99116";"A12DMC-747";"IR 99116";3569468;"IET 21119/IR 45912-9-1-2-2//IR08A176"
"IRRIGATED SEA";"F2_2012WS_PRO";"A140325";3779154;"IR 99119";"A12DMC-750";"IR 99119";3569471;"PR 114+XA 30/IR 64680-81-2-2-1-3//IR06N170"
"IRRIGATED SEA";"F2_2012WS_PRO";"A140326";3779155;"IR 98371";"A12DSC-2";"IR 98371";3569825;"IR03N137/IR 24"
"IRRIGATED SEA";"F2_2012WS_PRO";"A140327";3779156;"IR 98372";"A12DSC-3";"IR 98372";3569826;"IR03N137/IR 42"
"IRRIGATED SEA";"F2_2012WS_PRO";"A140328";3779157;"IR 98393";"A12DSC-24";"IR 98393";3569847;"IR07A266/IR 42"
"IRRIGATED SEA";"F2_2012WS_PRO";"A140329";3779158;"IR 98414";"A12DSC-45";"IR 98414";3568728;"IR08N194/IR10A125"
"IRRIGATED SEA";"F2_2012WS_PRO";"A140330";3779159;"IR 98462";"A12DSC-93";"IR 98462";3568776;"IRRI 117/IRRI 106"
"IRRIGATED SEA";"F2_2012WS_PRO";"A140331";3779160;"IR 99049";"A12DMC-680";"IR 99049";3569401;"IR05N173/IR 70114-5-3-3-3//PR 114"
"IRRIGATED SEA";"F2_2012WS_PRO";"A140332";3779161;"IR 99053";"A12DMC-684";"IR 99053";3569405;"IR07N187/IR 72967-12-2-3//IR09N496"
"IRRIGATED SEA";"F2_2012WS_PRO";"A140334";3779162;"IR 99059";"A12DMC-690";"IR 99059";3569411;"IR10N103/IR03A477//PR 115"
"IRRIGATED SEA";"F2_2012WS_PRO";"A140335";3779163;"IR 99061";"A12DMC-692";"IR 99061";3569413;"IR 82802-36-3-3-1-3/IR03A550//IR09N496"
"IRRIGATED SEA";"F2_2012WS_PRO";"A140336";3779164;"IR 99062";"A12DMC-693";"IR 99062";3569414;"IR09N496/IR03A568//IR07A234"
"IRRIGATED SEA";"F2_2012WS_PRO";"A140337";3779165;"IR 99066";"A12DMC-697";"IR 99066";3569418;"IR09N519/IR05N204//IR05N412"
"IRRIGATED SEA";"F2_2012WS_PRO";"A140338";3779166;"IR 99067";"A12DMC-698";"IR 99067";3569419;"IR 83650-74-2-3-3/IR 65620-192-3-3-3-2//PAU 3105-45-3-2"
"IRRIGATED SEA";"F2_2012WS_PRO";"A140339";3779167;"IR 99068";"A12DMC-699";"IR 99068";3569420;"IR10M244/IR 67966-44-2-3-2//PAU 201"
"IRRIGATED SEA";"F2_2012WS_PRO";"A140340";3779168;"IR 99070";"A12DMC-701";"IR 99070";3569422;"IR09N526/IR 68450-36-3-2-2-3//IR08A192"
"IRRIGATED SEA";"F2_2012WS_PRO";"A140342";3779169;"IR 99073";"A12DMC-704";"IR 99073";3569425;"IR09N530/IR 71676-90-2-2//IR09N542"
"IRRIGATED SEA";"F2_2012WS_PRO";"A140343";3779170;"IR 99074";"A12DMC-705";"IR 99074";3569426;"IR09N531/IR 67966-44-2-3-2//IR08A176"
"IRRIGATED SEA";"F2_2012WS_PRO";"A140344";3779171;"IR 99075";"A12DMC-706";"IR 99075";3569427;"IR 83704-31-3-3-2/IR 68144-2B-2-2-3-1-166//IR10A125"
"IRRIGATED SEA";"F2_2012WS_PRO";"A140345";3779172;"IR 99081";"A12DMC-712";"IR 99081";3569433;"IR09A220/IR 72164-348-6-2-2-2//IR08A192"
"IRRIGATED SEA";"F2_2012WS_PRO";"A140346";3779173;"IR 99085";"A12DMC-716";"IR 99085";3569437;"IR BB 61/IR 73006-12-3-3-2//IR09N190"
"IRRIGATED SEA";"F2_2012WS_PRO";"A140347";3779174;"IR 99086";"A12DMC-717";"IR 99086";3569438;"IR BB 62/IR 73012-137-2-2-2//IR05N412"
"IRRIGATED SEA";"F2_2012WS_PRO";"A140348";3779175;"IR 99090";"A12DMC-721";"IR 99090";3569442;"IR BB 65/IR00A117//IR10A125"
"IRRIGATED SEA";"F2_2012WS_PRO";"A140349";3779176;"IR 99092";"A12DMC-723";"IR 99092";3569444;"IRBB 7/IR03A568//IR09N496"
"IRRIGATED SEA";"F2_2012WS_PRO";"A140350";3779177;"IR 99093";"A12DMC-724";"IR 99093";3569445;"MILYANG 23/IR02N200//IR 6 (PAKISTAN)"
"IRRIGATED SEA";"F2_2012WS_PRO";"A140351";3779178;"IR 99095";"A12DMC-726";"IR 99095";3569447;"MILYANG 23/IR04A285//IR 73004-3-1-2-1"
"IRRIGATED SEA";"F2_2012WS_PRO";"A140352";3779179;"IR 99113";"A12DMC-744";"IR 99113";3569465;"PR 114/IR05N204//IR 73004-3-1-2-1"
"IRRIGATED SEA";"F2_2012WS_PRO";"A140353";3779180;"IR 99114";"A12DMC-745";"IR 99114";3569466;"PR 115/IR04A427//IR05N412"
"IRRIGATED SEA";"F2_2012WS_PRO";"A140354";3779181;"IR 99117";"A12DMC-748";"IR 99117";3569469;"IET 21119/IR05N170//IR07A234"
"SUBMERGENCE";"F_F22012WS";"F122605";3798914;"IR 98571";"F12DSC-202";"IR 98571";3568885;"IRRI 119/IR07T118"
"SUBMERGENCE";"F_F22012WS";"F122619";3798915;"IR 98526";"F12DSC-157";"IR 98526";3568840;"IR09F437/IR10F365"
"SUBMERGENCE";"F_F22012WS";"F122620";3798916;"IR 98527";"F12DSC-158";"IR 98527";3568841;"IR09F437/IR10F379"
"SUBMERGENCE";"F_F22012WS";"F122627";3798917;"IR 98565";"F12DSC-196";"IR 98565";3568879;"IR10N269/IRRI 119"
"SUBMERGENCE";"F_F22012WS";"F122629";3798918;"IR 98582";"F12DSC-213";"IR 98582";3568896;"IRRI 119/IR10F365"
"SUBMERGENCE";"F_F22012WS";"F122630";3798919;"IR 98590";"F12DSC-221";"IR 98590";3568904;"IRRI 146/IR09F437"
"SUBMERGENCE";"F_F22012WS";"F122631";3798920;"IR 98594";"F12DSC-225";"IR 98594";3568908;"IRRI 154/IR09F436"
"SUBMERGENCE";"F_F22012WS";"F122634";3798921;"IR 98626";"F12DSC-257";"IR 98626";3568940;"OR 142-99/IRRI 119"
"SUBMERGENCE";"F_F22012WS";"F122635";3798922;"IR 98631";"F12DSC-262";"IR 98631";3568945;"PSBRC 82/IR10F328"
"SUBMERGENCE";"F_F22012WS";"F122643";3798923;"IR 98649";"F12DSC-280";"IR 98649";3568963;"SPR 85163-5-1-2-4/IR10F379"
"SUBMERGENCE";"F_F22012WS";"F122644";3798924;"IR 98658";"F12DSC-289";"IR 98658";3568972;"SPR 85163-5-1-2-4/IR10F365"
"SUBMERGENCE";"F_F22012WS";"F122647";3798925;"IR 99123";"F12DMC-754";"IR 99123";3569475;"IR08A176/IR01A111//IR09F437"
"SUBMERGENCE";"F_F22012WS";"F122648";3798926;"IR 99124";"F12DMC-755";"IR 99124";3569476;"IR08A128/IR02N211//IR05F102"
"SUBMERGENCE";"F_F22012WS";"F122650";3798927;"IR 99126";"F12DMC-757";"IR 99126";3569478;"IR09N520/IR 65482-4-136-2-2-B//IR09F437"
"SUBMERGENCE";"F_F22012WS";"F122651";3798928;"IR 99127";"F12DMC-758";"IR 99127";3569479;"IR09N520/IR06M138//IR09F437"
"SUBMERGENCE";"F_F22012WS";"F122652";3798929;"IR 99128";"F12DMC-759";"IR 99128";3569480;"IR09N534/IR 68450-36-3-2-2-3//IR09F436"
"SUBMERGENCE";"F_F22012WS";"F122653";3798930;"IR 99129";"F12DMC-760";"IR 99129";3569481;"IR BB 62/IR 73012-137-2-2-2//IR07F290"
"SUBMERGENCE";"F_F22012WS";"F122654";3798931;"IR 99131";"F12DMC-762";"IR 99131";3569483;"MTU 1098/IRRI 154//IR10F379"
"SUBMERGENCE";"F_F22012WS";"F122655";3798932;"IR 99136";"F12DMC-767";"IR 99136";3569488;"IET 21119/IR 45912-9-1-2-2//IR10F371"
"SUBMERGENCE";"F_F22012WS";"F122658";3798933;"IR 99141";"F12DMC-772";"IR 99141";3569493;"IR09F164/IR 66946-3R-178-1-1//IR10F388"
"SUBMERGENCE";"F_F22012WS";"F122659";3798934;"IR 99143";"F12DMC-774";"IR 99143";3569495;"IR09F229/IR 66946-3R-178-1-1//IR05N412"
"SUBMERGENCE";"F_F22012WS";"F122621";3933078;"IR 98528";"F12DSC-159";"IR 98528";3568842;"IR09F437/IRRI 119"
"SUBMERGENCE";"F_F22012DS";"F122501";3559517;"IR 96898";"F11WSC-183";"IR 96898";3383309;"IR09F153/IR 66946-3R-178-1-1"
"SUBMERGENCE";"F_F22012DS";"F122502";3559518;"IR 96901";"F11WSC-186";"IR 96901";3383312;"IR09F154/CHERIVIRUPPU"
"SUBMERGENCE";"F_F22012DS";"F122503";3559519;"IR 96900";"F11WSC-185";"IR 96900";3383311;"IR09F154/IR10F221"
"SUBMERGENCE";"F_F22012DS";"F122504";3559520;"IR 96903";"F11WSC-188";"IR 96903";3383314;"IR09F164/IR 66946-3R-178-1-1"
"SUBMERGENCE";"F_F22012DS";"F122505";3559521;"IR 96905";"F11WSC-190";"IR 96905";3383316;"IR09F185/IR10F221"
"SUBMERGENCE";"F_F22012DS";"F122506";3559522;"IR 96906";"F11WSC-191";"IR 96906";3383317;"IR09F185/IR10F402"
"SUBMERGENCE";"F_F22012DS";"F122507";3559523;"IR 96908";"F11WSC-193";"IR 96908";3383319;"IR09F229/IR 66946-3R-178-1-1"
"SUBMERGENCE";"F_F22012DS";"F122508";3559524;"IR 96913";"F11WSC-198";"IR 96913";3383324;"IR09F291/IR 66946-3R-178-1-1"
"SUBMERGENCE";"F_F22012DS";"F122509";3559525;"IR 96915";"F11WSC-200";"IR 96915";3383326;"IR09F436/IR10F365"
"SUBMERGENCE";"F_F22012DS";"F122510";3559526;"IR 96921";"F11WSC-206";"IR 96921";3383332;"IR09F437/IR10F328"
"SUBMERGENCE";"F_F22012DS";"F122511";3559527;"IR 96922";"F11WSC-207";"IR 96922";3383333;"IR09F437/IR10F365"
"SUBMERGENCE";"F_F22012DS";"F122512";3559528;"IR 96923";"F11WSC-208";"IR 96923";3383334;"IR09F437/IR10F371"
"SUBMERGENCE";"F_F22012DS";"F122513";3559529;"IR 96924";"F11WSC-209";"IR 96924";3383335;"IR09F437/IR10F382"
"SUBMERGENCE";"F_F22012DS";"F122514";3559530;"IR 96925";"F11WSC-210";"IR 96925";3383336;"IR09F437/IR10F388"
"SUBMERGENCE";"F_F22012DS";"F122515";3559531;"IR 96926";"F11WSC-211";"IR 96926";3383337;"IR09F437/IR10F402"
"SUBMERGENCE";"F_F22012DS";"F122516";3559532;"IR 96927";"F11WSC-212";"IR 96927";3383338;"IR09F437/IR10F407"
"SUBMERGENCE";"F_F22012DS";"F122517";3559533;"IR 96929";"F11WSC-214";"IR 96929";3383340;"IR09F454/IR 66946-3R-178-1-1"
"SUBMERGENCE";"F_F22012DS";"F122518";3559534;"IR 96942";"F11WSC-227";"IR 96942";3383353;"IR10F178/IR09F185"
"SUBMERGENCE";"F_F22012DS";"F122519";3559535;"IR 96944";"F11WSC-229";"IR 96944";3383355;"IR10F185/IR10F365"
"SUBMERGENCE";"F_F22012DS";"F122520";3559536;"IR 96946";"F11WSC-231";"IR 96946";3383357;"IR10F205/IR10F365"
"SUBMERGENCE";"F_F22012DS";"F122521";3559537;"IR 96950";"F11WSC-235";"IR 96950";3383361;"IRRI 104/IR10F221"
"SUBMERGENCE";"F_F22012DS";"F122522";3559538;"IR 96951";"F11WSC-236";"IR 96951";3383362;"IRRI 104/IR10F402"
"SUBMERGENCE";"F_F22012DS";"F122523";3559539;"IR 96952";"F11WSC-237";"IR 96952";3383363;"IR 64683-87-2-2-3-3/IR10F328"
"SUBMERGENCE";"F_F22012DS";"F122524";3559540;"IR 96954";"F11WSC-239";"IR 96954";3383365;"IR 64683-87-2-2-3-3/IR10F388"
"SUBMERGENCE";"F_F22012DS";"F122525";3559541;"IR 96892";"F11WSC-177";"IR 96892";3383303;"IR09F120/IR04A285"
"SUBMERGENCE";"F_F22012DS";"F122526";3554442;"IR 96895";"F11WSC-180";"IR 96895";3383306;"IR09F153/IR10F221"
"SUBMERGENCE";"F_F22012DS";"F122527";3554443;"IR 96899";"F11WSC-184";"IR 96899";3383310;"IR09F154/IR10F176"
"SUBMERGENCE";"F_F22012DS";"F122528";3554444;"IR 96907";"F11WSC-192";"IR 96907";3383318;"IR09F229/CHERIVIRUPPU"
"SUBMERGENCE";"F_F22012DS";"F122529";3554445;"IR 96910";"F11WSC-195";"IR 96910";3383321;"IR09F253/IR10F221"
"SUBMERGENCE";"F_F22012DS";"F122530";3554446;"IR 96914";"F11WSC-199";"IR 96914";3383325;"IR09F436/IR10F328"
"SUBMERGENCE";"F_F22012DS";"F122531";3554447;"IR 96934";"F11WSC-219";"IR 96934";3383345;"IR09F488/IR 66946-3R-178-1-1"
"SUBMERGENCE";"F_F22012DS";"F122532";3554448;"IR 96939";"F11WSC-224";"IR 96939";3383350;"IR10F157/IR09F185"
"SUBMERGENCE";"F_F22012DS";"F122533";3554449;"IR 96940";"F11WSC-225";"IR 96940";3383351;"IR10F165/IR10F365"
"SUBMERGENCE";"F_F22012DS";"F122534";3554450;"IR 96945";"F11WSC-230";"IR 96945";3383356;"IR10F192/IR10F379"
"SUBMERGENCE";"F_F22012DS";"F122535";3554451;"IR 96897";"F11WSC-182";"IR 96897";3383308;"IR09F153/CHERIVIRUPPU"
"SUBMERGENCE";"F_F22012DS";"F122536";3554452;"IR 96902";"F11WSC-187";"IR 96902";3383313;"IR09F164/CHERIVIRUPPU"
"SUBMERGENCE";"F_F22012DS";"F122540";3554453;"IR 97378";"F11WMC-623";"IR 97378";3383805;"OR 142-99/IR10F154//IR 6 (PAKISTAN)"
"SUBMERGENCE";"F_F22012DS";"F122541";3554454;"IR 97371";"F11WMC-630";"IR 97371";3383798;"OR 142-99/IR10F152//IR06M146"
"SUBMERGENCE";"F_F22012DS";"F122542";3554455;"IR 97377";"F11WMC-631";"IR 97377";3383804;"OR 142-99/IR10F171//IR06N156"
"SUBMERGENCE";"F_F22012DS";"F122543";3554456;"IR 97349";"F11WMC-637";"IR 97349";3383776;"IR09F464/IR09F438//IR09F154"
"SUBMERGENCE";"F_F22012DS";"F122544";3554457;"IR 97350";"F11WMC-638";"IR 97350";3383777;"IR09F468/IR10F217//IR09F185"
"SUBMERGENCE";"F_F22012DS";"F122545";3554458;"IR 97348";"F11WMC-640";"IR 97348";3383775;"IR09F457/IR09F229//IR09F287"
"SUBMERGENCE";"F_F22012DS";"F122546";3554459;"IR 97337";"F11WMC-649";"IR 97337";3383764;"IR09F164/MTU 1064//IR10F205"
"SUBMERGENCE";"F_F22012DS";"F122547";3554460;"IR 97345";"F11WMC-654";"IR 97345";3383772;"IR09F436/IR10F109//IR10F328"
"SUBMERGENCE";"F_F22012DS";"F122548";3554461;"IR 97358";"F11WMC-657";"IR 97358";3383785;"IR10F212/IR09F496//IR10F365"
"SUBMERGENCE";"F_F22012DS";"F122549";3554462;"IR 97369";"F11WMC-658";"IR 97369";3383796;"OR 142-99/IR09F436//IR10F365"
"SUBMERGENCE";"F_F22012DS";"F122550";3554463;"IR 97367";"F11WMC-661";"IR 97367";3383794;"IRRI 119/IR02A127//IR10F379"
"SUBMERGENCE";"F_F22012DS";"F122551";3554464;"IR 97343";"F11WMC-663";"IR 97343";3383770;"IR09F436/IR08N194//IR10F382"
"SUBMERGENCE";"F_F22012DS";"F122552";3554465;"IR 97344";"F11WMC-664";"IR 97344";3383771;"IR09F436/IR09N538//IR10F382"
"SUBMERGENCE";"F_F22012DS";"F122553";3554466;"IR 97346";"F11WMC-667";"IR 97346";3383773;"IR09F436/NSIC RC 158//IR10F388"
"SUBMERGENCE";"F_F22012DS";"F122554";3554467;"IR 97361";"F11WMC-669";"IR 97361";3383788;"IR10F221/IR09F158//IRRI 104"
"SUBMERGENCE";"F_F22012DS";"F122555";3554468;"IR 97364";"F11WMC-670";"IR 97364";3383791;"IR10F221/IR09F468//IRRI 123"
"SUBMERGENCE";"F_F22012DS";"F122556";3554469;"IR 97363";"F11WMC-671";"IR 97363";3383790;"IR10F221/IR09F464//IRRI 154"
"SUBMERGENCE";"F_F22012DS";"F122557";3554470;"IR 97365";"F11WMC-672";"IR 97365";3383792;"IR10F221/IR09F483//IRRI 154"
"SUBMERGENCE";"F_F22012DS";"F122558";3554471;"IR 97368";"F11WMC-625";"IR 97368";3383795;"OR 142-99/IR07F287//IR05F102"
"SUBMERGENCE";"F_F22012DS";"F122559";3554472;"IR 97339";"F11WMC-639";"IR 97339";3383766;"IR09F185/IR10F121//IR09F253"
"SUBMERGENCE";"F_F22012DS";"F122560";3554473;"IR 97374";"F11WMC-647";"IR 97374";3383801;"OR 142-99/IR10F144//IR10F185"
"SUBMERGENCE";"F_F22012DS";"F122561";3554474;"IR 97380";"F11WMC-652";"IR 97380";3383807;"OR 142-99/IR10F104//IR10F221"
"SUBMERGENCE";"F_F22012DS";"F122562";3554475;"IR 97362";"F11WMC-660";"IR 97362";3383789;"IR10F221/IR09F158//IR10F379"
"SUBMERGENCE";"F_F22012DS";"F122563";3554476;"IR 97376";"F11WMC-662";"IR 97376";3383803;"OR 142-99/IR10F200//IR10F379"
"SUBMERGENCE";"F_F22012DS";"F122564";3554477;"IR 97341";"F11WMC-666";"IR 97341";3383768;"IR09F209/IR09F173//IR10F388"
"SUBMERGENCE";"F_F22013DS";"F122701";3932677;"IR 100294";"F12WSC-315";"IR 100294";3731789;"IR04A115/IR07F291"
"SUBMERGENCE";"F_F22013DS";"F122702";3932678;"IR 100295";"F12WSC-316";"IR 100295";3731790;"IRRI 151/IR07F291"
"SUBMERGENCE";"F_F22013DS";"F122703";3932679;"IR 100296";"F12WSC-317";"IR 100296";3731791;"IR08N136/IRRI 119"
"SUBMERGENCE";"F_F22013DS";"F122704";3932680;"IR 100297";"F12WSC-318";"IR 100297";3731792;"IR10N108/IRRI 119"
"SUBMERGENCE";"F_F22013DS";"F122705";3932681;"IR 100298";"F12WSC-319";"IR 100298";3731793;"IRRI 154/IRRI 149"
"SUBMERGENCE";"F_F22013DS";"F122706";3932682;"IR 100299";"F12WSC-320";"IR 100299";3731794;"IR09F436/IR 73885-1-4-3-2-1-6 (MATATAG 9)"
"SUBMERGENCE";"F_F22013DS";"F122707";3932683;"IR 100300";"F12WSC-321";"IR 100300";3731795;"IRRI 119/IRRI 154"
"SUBMERGENCE";"F_F22013DS";"F122708";3932684;"IR 100301";"F12WSC-322";"IR 100301";3731796;"IRRI 119/IR09F436"
"SUBMERGENCE";"F_F22013DS";"F122709";3932685;"IR 100302";"F12WSC-323";"IR 100302";3731797;"IRRI 119/IR09F437"
"SUBMERGENCE";"F_F22013DS";"F122710";3932686;"IR 100303";"F12WSC-324";"IR 100303";3731798;"IRRI 119/IRRI 149"
"SUBMERGENCE";"F_F22013DS";"F122711";3932687;"IR 100304";"F12WSC-325";"IR 100304";3731799;"SUPER BASMATI/IR BB 66"
"SUBMERGENCE";"F_F22013DS";"F122712";3932688;"IR 100305";"F12WSC-326";"IR 100305";3731800;"IR09N514/IR09F436"
"SUBMERGENCE";"F_F22013DS";"F122713";3932689;"IR 100306";"F12WSC-327";"IR 100306";3731801;"IRRI 119/IRRI 123"
"SUBMERGENCE";"F_F22013DS";"F122714";3932690;"IR 100307";"F12WSC-328";"IR 100307";3731802;"IRRI 119/IR 72"
"SUBMERGENCE";"F_F22013DS";"F122715";3932691;"IR 100308";"F12WSC-329";"IR 100308";3731803;"IRRI 119/IRRI 147"
"SUBMERGENCE";"F_F22013DS";"F122716";3932692;"IR 100804";"F12WMC-825";"IR 100804";3732299;"IR 88633:1-66-B-1-B/IR06N119//IR10F290"
"SUBMERGENCE";"F_F22013DS";"F122717";3932693;"IR 100805";"F12WMC-826";"IR 100805";3732300;"IR 88633:1-66-B-1-B/MOKWOO//IR07F101"
"SUBMERGENCE";"F_F22013DS";"F122718";3932694;"IR 100806";"F12WMC-827";"IR 100806";3732301;"IR 88633:1-67-B-1-B/IR07A183//IR07F101"
"SUBMERGENCE";"F_F22013DS";"F122719";3932695;"IR 100807";"F12WMC-828";"IR 100807";3732302;"IR 88633:1-67-B-1-B/MOKWOO//IR10F290"
"SUBMERGENCE";"F_F22013DS";"F122720";3932696;"IR 100808";"F12WMC-829";"IR 100808";3732303;"IR 88633:20-69-B-1-B/IR09N495//IR05F102"
"SUBMERGENCE";"F_F22013DS";"F122721";3932697;"IR 100809";"F12WMC-830";"IR 100809";3732304;"IR 88633:20-69-B-1-B/MOKWOO//IR05F102"
"SUBMERGENCE";"F_F22013DS";"F122722";3932698;"IR 100810";"F12WMC-831";"IR 100810";3732305;"IR 88633:5-138-B-1-B/IR09N534//IR05F102"
"SUBMERGENCE";"F_F22013DS";"F122723";3932699;"IR 100811";"F12WMC-832";"IR 100811";3732306;"IR 88633:5-138-B-1-B/MOKWOO//IR07F101"
"SUBMERGENCE";"F_F22013DS";"F122724";3932700;"IR 100812";"F12WMC-833";"IR 100812";3732307;"IR 93312-30-101-20-13-64-17/IR09N536//IR07F101"
"SUBMERGENCE";"F_F22013DS";"F122725";3932701;"IR 100813";"F12WMC-834";"IR 100813";3732308;"IR 9884-54-3/BR 11///IR 43581-57-3-3-6/IR 26940-20-3-3-3-1//KHAO DAWK MALI 105"
"SUBMERGENCE";"F_F22013DS";"F122726";3932702;"IR 100814";"F12WMC-835";"IR 100814";3732309;"IR 9884-54-3/IR06N119///IR 43581-57-3-3-6/IR 26940-20-3-3-3-1//KHAO DAWK MALI 105"
"SUBMERGENCE";"F_F22013DS";"F122727";3932703;"IR 100817";"F12WMC-838";"IR 100817";3732312;"IR 9884-54-3/IR09N536///IR 43581-57-3-3-6/IR 26940-20-3-3-3-1//KHAO DAWK MALI 105"
"SUBMERGENCE";"F_F22013DS";"F122728";3933047;"IR 100819";"F12WMC-840";"IR 100819";3732314;"IR 9884-54-3/MOKWOO///IR 43581-57-3-3-6/IR 26940-20-3-3-3-1//KHAO DAWK MALI 105"
"SUBMERGENCE";"F_F22013DS";"F122729";3933048;"IR 100820";"F12WMC-841";"IR 100820";3732315;"IR 9884-54-3/SWARNA//IRRI 119"
"SUBMERGENCE";"F_F22013DS";"F122730";3933049;"IR 100821";"F12WMC-842";"IR 100821";3732316;"IR09N508/IRRI 123//IR05F102"
"SUBMERGENCE";"F_F22013DS";"F122731";3933050;"IR 100822";"F12WMC-843";"IR 100822";3732317;"IRRI 119/IR 73885-1-4-3-2-1-6 (MATATAG 9)//IR09F436"
"SUBMERGENCE";"F_F22013DS";"F122732";3933051;"IR 100823";"F12WMC-844";"IR 100823";3732318;"IRRI 154/IR 66946-3R-178-1-1///IR 43581-57-3-3-6/IR 26940-20-3-3-3-1//KHAO DAWK MALI 105"
"SUBMERGENCE";"F_F22013DS";"F122733";3933052;"IR 100824";"F12WMC-845";"IR 100824";3732319;"IRRI 154/IR 70023-4B-R-12-3-1///IR 43581-57-3-3-6/IR 26940-20-3-3-3-1//KHAO DAWK MALI 105"
"SUBMERGENCE";"F_F22013DS";"F122734";3933053;"IR 100825";"F12WMC-846";"IR 100825";3732320;"MAHSURI/IR06N119///IR 43581-57-3-3-6/IR 26940-20-3-3-3-1//KHAO DAWK MALI 105"
"SUBMERGENCE";"F_F22013DS";"F122735";3933054;"IR 100826";"F12WMC-847";"IR 100826";3732321;"MAHSURI/IR09N495///IR 43581-57-3-3-6/IR 26940-20-3-3-3-1//KHAO DAWK MALI 105"
"SUBMERGENCE";"F_F22013DS";"F122736";3933055;"IR 100827";"F12WMC-848";"IR 100827";3732322;"MAHSURI/IR09N534///IR 43581-57-3-3-6/IR 26940-20-3-3-3-1//KHAO DAWK MALI 105"
"SUBMERGENCE";"F_F22013DS";"F122737";3933056;"IR 100828";"F12WMC-849";"IR 100828";3732323;"MAHSURI/IR09N536///IR 43581-57-3-3-6/IR 26940-20-3-3-3-1//KHAO DAWK MALI 105"
"SUBMERGENCE";"F_F22013DS";"F122738";3933057;"IR 100829";"F12WMC-850";"IR 100829";3732324;"MAHSURI/IR10N269///IR 43581-57-3-3-6/IR 26940-20-3-3-3-1//KHAO DAWK MALI 105"
"SUBMERGENCE";"F_F22013DS";"F122739";3933058;"IR 100830";"F12WMC-851";"IR 100830";3732325;"MAHSURI/MOKWOO//IRRI 119"
"SUBMERGENCE";"F_F22013DS";"F122740";3933059;"IR 100832";"F12WMC-853";"IR 100832";3732327;"OR 142-99/SAMBHA MAHSURI//IR05F102"
"SUBMERGENCE";"F_F22013DS";"F122741";3933060;"IR 100833";"F12WMC-854";"IR 100833";3732328;"OR 142-99/IR06N119//IR07F101"
"SUBMERGENCE";"F_F22013DS";"F122742";3933061;"IR 100834";"F12WMC-855";"IR 100834";3732329;"OR 142-99/IR07A183//IR07F101"
"SUBMERGENCE";"F_F22013DS";"F122743";3933062;"IR 100835";"F12WMC-856";"IR 100835";3732330;"OR 142-99/IR09N495//IR10F290"
"SUBMERGENCE";"F_F22013DS";"F122744";3933063;"IR 100836";"F12WMC-857";"IR 100836";3732331;"OR 142-99/IR09N534//IR10F290"
"SUBMERGENCE";"F_F22013DS";"F122745";3933064;"IR 100837";"F12WMC-858";"IR 100837";3732332;"OR 142-99/IR09N536//IR10F290"
"SUBMERGENCE";"F_F22013DS";"F122746";3933065;"IR 100838";"F12WMC-859";"IR 100838";3732333;"OR 142-99/IR10N269//IRRI 119"
"SUBMERGENCE";"F_F22013DS";"F122747";3933066;"IR 100839";"F12WMC-860";"IR 100839";3732334;"OR 142-99/IRRI 123//IR07F291"
"SUBMERGENCE";"F_F22013DS";"F122748";3933067;"IR 100840";"F12WMC-861";"IR 100840";3732335;"OR 142-99/PSB RC 18 (IR 51672-62-2-1-1-2-3)//IR07F291"
"SUBMERGENCE";"F_F22013DS";"F122749";3933068;"IR 100841";"F12WMC-862";"IR 100841";3732336;"PSBRC 82/IR10F328//IR10F290"
"SUBMERGENCE";"F_F22013DS";"F122750";3933069;"IR 100842";"F12WMC-863";"IR 100842";3732337;"PSBRC 82/IR10F379//IR10F290"
"SUBMERGENCE";"F_F22013DS";"F122751";3933070;"IR 100843";"F12WMC-864";"IR 100843";3732338;"SPR 85163-5-1-2-4/IR06N119//IR07F101"
"SUBMERGENCE";"F_F22013DS";"F122752";3933071;"IR 100844";"F12WMC-865";"IR 100844";3732339;"SPR 85163-5-1-2-4/IR07A183//IR07F101"
"SUBMERGENCE";"F_F22013DS";"F122753";3933072;"IR 100845";"F12WMC-866";"IR 100845";3732340;"SPR 85163-5-1-2-4/IR07A183//IR10F290"
"SUBMERGENCE";"F_F22013DS";"F122754";3933073;"IR 100846";"F12WMC-867";"IR 100846";3732341;"SPR 85163-5-1-2-4/IR09N495//IR07F291"
"SUBMERGENCE";"F_F22013DS";"F122755";3933074;"IR 100847";"F12WMC-868";"IR 100847";3732342;"SPR 85163-5-1-2-4/IR09N534//IR07F101"
"SUBMERGENCE";"F_F22013DS";"F122756";3933075;"IR 100848";"F12WMC-869";"IR 100848";3732343;"SPR 85163-5-1-2-4/IR09N536//IR05F102"
"SUBMERGENCE";"F_F22013DS";"F122757";3933076;"IR 100849";"F12WMC-870";"IR 100849";3732344;"IR06F168/TKM 9//IR09N542"
"SUBMERGENCE";"F_F22013DS";"F122758";3933077;"IR 100850";"F12WMC-871";"IR 100850";3732345;"IR06F168/KALA RATA 1-24//IR08N185"
